<Objs Version="1.1.0.1" xmlns="http://schemas.microsoft.com/powershell/2004/04">
  <Obj RefId="0">
    <TN RefId="0">
      <T>Microsoft.PowerShell.Commands.PSRepositoryItemInfo</T>
      <T>System.Management.Automation.PSCustomObject</T>
      <T>System.Object</T>
    </TN>
    <MS>
      <S N="Name">ActiveDirectoryCSDsc</S>
      <S N="Version">3.3.0.0</S>
      <S N="Type">Module</S>
      <S N="Description">This DSC Resource module can be used to install or uninstall Certificate Services components in Windows Server.</S>
      <S N="Author">Microsoft Corporation</S>
      <S N="CompanyName">PowerShellTeam</S>
      <S N="Copyright">(c) 2018 Microsoft Corporation. All rights reserved.</S>
      <DT N="PublishedDate">2019-05-15T20:47:02-04:00</DT>
      <Nil N="InstalledDate" />
      <Nil N="UpdatedDate" />
      <URI N="LicenseUri">https://github.com/PowerShell/ActiveDirectoryCSDsc/blob/master/LICENSE</URI>
      <URI N="ProjectUri">https://github.com/PowerShell/ActiveDirectoryCSDsc</URI>
      <Nil N="IconUri" />
      <Obj N="Tags" RefId="1">
        <TN RefId="1">
          <T>System.Object[]</T>
          <T>System.Array</T>
          <T>System.Object</T>
        </TN>
        <LST>
          <S>DesiredStateConfiguration</S>
          <S>DSC</S>
          <S>DSCResourceKit</S>
          <S>DSCResource</S>
          <S>PSModule</S>
        </LST>
      </Obj>
      <Obj N="Includes" RefId="2">
        <TN RefId="2">
          <T>System.Collections.Hashtable</T>
          <T>System.Object</T>
        </TN>
        <DCT>
          <En>
            <S N="Key">DscResource</S>
            <Obj N="Value" RefId="3">
              <TNRef RefId="1" />
              <LST>
                <S>AdcsCertificationAuthority</S>
                <S>AdcsEnrollmentPolicyWebService</S>
                <S>AdcsOnlineResponder</S>
                <S>AdcsWebEnrollment</S>
                <S>AdcsOcspExtension</S>
              </LST>
            </Obj>
          </En>
          <En>
            <S N="Key">RoleCapability</S>
            <Obj N="Value" RefId="4">
              <TNRef RefId="1" />
              <LST />
            </Obj>
          </En>
          <En>
            <S N="Key">Workflow</S>
            <Ref N="Value" RefId="4" />
          </En>
          <En>
            <S N="Key">Cmdlet</S>
            <Ref N="Value" RefId="4" />
          </En>
          <En>
            <S N="Key">Command</S>
            <Ref N="Value" RefId="4" />
          </En>
          <En>
            <S N="Key">Function</S>
            <Ref N="Value" RefId="4" />
          </En>
        </DCT>
      </Obj>
      <Nil N="PowerShellGetFormatVersion" />
      <S N="ReleaseNotes">- Remove reference to StorageDsc in README.md - fixes [Issue 76](https://github.com/PowerShell/ActiveDirectoryCSDsc/issues/76)._x000D__x000A_- Combined all `ActiveDirectoryCSDsc.ResourceHelper` module functions into_x000D__x000A_  `ActiveDirectoryCSDsc.Common` module and renamed to `ActiveDirectoryCSDsc.CommonHelper`_x000D__x000A_  module._x000D__x000A_- Opted into Common Tests "Common Tests - Validate Localization" -_x000D__x000A_  fixes [Issue 82](https://github.com/PowerShell/ActiveDirectoryCSDsc/issues/82).</S>
      <Obj N="Dependencies" RefId="5">
        <TNRef RefId="1" />
        <LST />
      </Obj>
      <S N="RepositorySourceLocation">https://www.powershellgallery.com/api/v2</S>
      <S N="Repository">PSGallery</S>
      <S N="PackageManagementProvider">NuGet</S>
      <Obj N="AdditionalMetadata" RefId="6">
        <TN RefId="3">
          <T>System.Management.Automation.PSCustomObject</T>
          <T>System.Object</T>
        </TN>
        <MS>
          <S N="copyright">(c) 2018 Microsoft Corporation. All rights reserved.</S>
          <S N="description">This DSC Resource module can be used to install or uninstall Certificate Services components in Windows Server.</S>
          <S N="requireLicenseAcceptance">False</S>
          <S N="releaseNotes">- Remove reference to StorageDsc in README.md - fixes [Issue 76](https://github.com/PowerShell/ActiveDirectoryCSDsc/issues/76)._x000D__x000A_- Combined all `ActiveDirectoryCSDsc.ResourceHelper` module functions into_x000D__x000A_  `ActiveDirectoryCSDsc.Common` module and renamed to `ActiveDirectoryCSDsc.CommonHelper`_x000D__x000A_  module._x000D__x000A_- Opted into Common Tests "Common Tests - Validate Localization" -_x000D__x000A_  fixes [Issue 82](https://github.com/PowerShell/ActiveDirectoryCSDsc/issues/82).</S>
          <S N="isLatestVersion">True</S>
          <S N="isAbsoluteLatestVersion">True</S>
          <S N="versionDownloadCount">8854</S>
          <S N="downloadCount">72134</S>
          <S N="packageSize">61759</S>
          <S N="published">5/15/2019 8:47:02 PM -04:00</S>
          <S N="created">5/15/2019 8:47:02 PM -04:00</S>
          <S N="lastUpdated">6/19/2019 6:56:40 PM -04:00</S>
          <S N="tags">DesiredStateConfiguration DSC DSCResourceKit DSCResource PSModule PSDscResource_AdcsCertificationAuthority PSDscResource_AdcsEnrollmentPolicyWebService PSDscResource_AdcsOnlineResponder PSDscResource_AdcsWebEnrollment PSDscResource_AdcsOcspExtension PSIncludes_DscResource</S>
          <S N="developmentDependency">False</S>
          <S N="updated">2019-06-19T18:56:40Z</S>
          <S N="NormalizedVersion">3.3.0</S>
          <S N="Authors">Microsoft Corporation</S>
          <S N="IsPrerelease">false</S>
          <S N="ItemType">Module</S>
          <S N="FileList">ActiveDirectoryCSDsc.nuspec|ActiveDirectoryCSDsc.psd1|CHANGELOG.md|CODE_OF_CONDUCT.md|LICENSE|README.md|DSCResources\MSFT_AdcsCertificationAuthority\MSFT_AdcsCertificationAuthority.psm1|DSCResources\MSFT_AdcsCertificationAuthority\MSFT_AdcsCertificationAuthority.schema.mof|DSCResources\MSFT_AdcsCertificationAuthority\README.md|DSCResources\MSFT_AdcsCertificationAuthority\en-US\MSFT_AdcsCertificationAuthority.strings.psd1|DSCResources\MSFT_AdcsEnrollmentPolicyWebService\MSFT_AdcsEnrollmentPolicyWebService.psm1|DSCResources\MSFT_AdcsEnrollmentPolicyWebService\MSFT_AdcsEnrollmentPolicyWebService.schema.mof|DSCResources\MSFT_AdcsEnrollmentPolicyWebService\README.md|DSCResources\MSFT_AdcsEnrollmentPolicyWebService\en-US\MSFT_AdcsEnrollmentPolicyWebService.strings.psd1|DSCResources\MSFT_AdcsOcspExtension\MSFT_AdcsOcspExtension.psm1|DSCResources\MSFT_AdcsOcspExtension\MSFT_AdcsOcspExtension.schema.mof|DSCResources\MSFT_AdcsOcspExtension\README.md|DSCResources\MSFT_AdcsOcspExtension\en-US\MSFT_AdcsOcspExtension.strings.psd1|DSCResources\MSFT_AdcsOnlineResponder\MSFT_AdcsOnlineResponder.psm1|DSCResources\MSFT_AdcsOnlineResponder\MSFT_AdcsOnlineResponder.schema.mof|DSCResources\MSFT_AdcsOnlineResponder\README.md|DSCResources\MSFT_AdcsOnlineResponder\en-US\MSFT_AdcsOnlineResponder.strings.psd1|DSCResources\MSFT_AdcsWebEnrollment\MSFT_AdcsWebEnrollment.psm1|DSCResources\MSFT_AdcsWebEnrollment\MSFT_AdcsWebEnrollment.schema.mof|DSCResources\MSFT_AdcsWebEnrollment\README.md|DSCResources\MSFT_AdcsWebEnrollment\en-US\MSFT_AdcsWebEnrollment.strings.psd1|Examples\Resources\AdcsCertificationAuthority\1-AdcsCertificationAuthority_InstallCertificationAthority_Config.ps1|Examples\Resources\AdcsCertificationAuthority\2-AdcsCertificationAuthority_RetireCertificationAthority_Config.ps1|Examples\Resources\AdcsEnrollmentPolicyWebService\1-AdcsEnrollmentPolicyWebService_InstallCertificateAuthentication_Config.ps1|Examples\Resources\AdcsEnrollmentPolicyWebService\2-AdcsEnrollmentPolicyWebService_InstallKerberosAuthentication_Config.ps1|Examples\Resources\AdcsOcspExtension\1-AdcsOcspExtension_AddOcspPath_Config.ps1|Examples\Resources\AdcsOcspExtension\2-AdcsOcspExtension_RemoveOcspPath_Config.ps1|Examples\Resources\AdcsOnlineResponder\1-AdcsOnlineResponder_InstallOnlineResponder_Config.ps1|Examples\Resources\AdcsWebEnrollment\1-AdcsWebEnrollment_InstallWebEnrollment_Config.ps1|Modules\ActiveDirectoryCSDsc.Common\ActiveDirectoryCSDsc.Common.psm1|Modules\ActiveDirectoryCSDsc.Common\en-US\ActiveDirectoryCSDsc.Common.strings.psd1|Tests\Integration\MSFT_AdcsCertificationAuthority.Integration.Tests.ps1|Tests\Integration\MSFT_AdcsCertificationAuthority_Install.config.ps1|Tests\Integration\MSFT_AdcsCertificationAuthority_Uninstall.config.ps1|Tests\Integration\MSFT_AdcsEnrollmentPolicyWebService.config.ps1|Tests\Integration\MSFT_AdcsEnrollmentPolicyWebService.Integration.Tests.ps1|Tests\TestHelpers\ADCSStub.psm1|Tests\TestHelpers\CommonTestHelper.psm1|Tests\Unit\ActiveDirectoryCSDsc.Common.Tests.ps1|Tests\Unit\MSFT_AdcsCertificationAuthority.Tests.ps1|Tests\Unit\MSFT_AdcsEnrollmentPolicyWebService.Tests.ps1|Tests\Unit\MSFT_AdcsOcspExtension.Tests.ps1|Tests\Unit\MSFT_AdcsOnlineResponder.Tests.ps1|Tests\Unit\MSFT_AdcsWebEnrollment.Tests.ps1</S>
          <S N="GUID">f8ddd7fc-c6d6-469e-8a80-c96efabe2fcc</S>
          <S N="PowerShellVersion">4.0</S>
          <S N="CompanyName">Microsoft Corporation</S>
        </MS>
      </Obj>
      <S N="InstalledLocation">C:\users\0d510\ActiveDirectoryCSDsc\3.3.0.0</S>
    </MS>
  </Obj>
</Objs>
